status,crn,subject_code,section,title,credits,instructor,building_room,day_time,date_range
OPEN,44900,CSCI 1012,10,Introduction to Programming with Python,3.00,"Goldfrank, J",1957 E 213,M 03:45PM - 05:00PM,01/12/26 - 04/27/26
WAITLIST,44980,CSCI 1012,30,Introduction to Programming with Python,0.00,"Goldfrank, J",ROME B103,W 03:45PM - 05:00PM,01/12/26 - 04/27/26
WAITLIST,44981,CSCI 1012,31,Introduction to Programming with Python,0.00,"Goldfrank, J",SEH 4040,W 03:45PM - 05:00PM,01/12/26 - 04/27/26
OPEN,44982,CSCI 1012,32,Introduction to Programming with Python,0.00,"Goldfrank, J",SEH 4040,F 03:45PM - 05:00PM,01/12/26 - 04/27/26
OPEN,44983,CSCI 1012,33,Introduction to Programming with Python,0.00,"Goldfrank, J",MON 350,F 03:45PM - 05:00PM,01/12/26 - 04/27/26
OPEN,44984,CSCI 1012,34,Introduction to Programming with Python,0.00,"Goldfrank, J",1776 G C-118,W 03:45PM - 05:00PM,01/12/26 - 04/27/26
OPEN,44985,CSCI 1012,35,Introduction to Programming with Python,0.00,"Goldfrank, J",DUQUES 250,W 03:45PM - 05:00PM,01/12/26 - 04/27/26
OPEN,44986,CSCI 1012,36,Introduction to Programming with Python,0.00,"Goldfrank, J",DUQUES 361,F 03:45PM - 05:00PM,01/12/26 - 04/27/26
WAITLIST,45254,CSCI 1012,37,Introduction to Programming with Python,0.00,"Goldfrank, J",,F 03:45PM - 05:00PM,01/12/26 - 04/27/26
OPEN,46084,CSCI 1012,12,Introduction to Programming with Python,3.00,"Shaban, H",1957 E 212,M 06:10PM - 08:40PM,01/12/26 - 04/27/26
OPEN,43428,CSCI 1022,10,Introduction to Internet Technology,3.00,"Vidrine, E",TOMP 301,R 06:10PM - 08:40PM,01/12/26 - 04/27/26
WAITLIST,43433,CSCI 1023,10,Introduction to Web Software Development,3.00,"Brenner, N",TOMP 406,T 06:10PM - 08:40PM,01/12/26 - 04/27/26
OPEN,43685,CSCI 1111,10,Introduction to Software Development,3.00,"Dobolyi, K",MPA B07,TR 11:10AM - 12:25PM,01/12/26 - 04/27/26
OPEN,43686,CSCI 1111,30,Laboratory,0.00,"Dobolyi, K",TOMP 405,M 11:10AM - 01:00PM,01/12/26 - 04/27/26
OPEN,43486,CSCI 1112,10,Algorithms and Data Structures,3.00,"Taylor, J",1957 E 213,TR 09:35AM - 10:50AM,01/12/26 - 04/27/26
OPEN,43487,CSCI 1112,30,Laboratory,0.00,"Taylor, J",GELM 641,F 01:00PM - 02:50PM,01/12/26 - 04/27/26
OPEN,43488,CSCI 1112,31,Laboratory,0.00,"Taylor, J",MON B33,F 10:40AM - 12:30PM,01/12/26 - 04/27/26
OPEN,43374,CSCI 1311,10,Discrete Structures I,3.00,"Malek-Madani, R",1957 E 213,TR 03:45PM - 05:00PM,01/12/26 - 04/27/26
OPEN,43799,CSCI 1311,30,Laboratory,0.00,"Malek-Madani, R",TOMP 201,M 11:10AM - 12:00PM,01/12/26 - 04/27/26
OPEN,44550,CSCI 1311,32,Laboratory,0.00,"Malek-Madani, R",SEH 1300 AND SEH 1400,M 02:20PM - 03:10PM AND M 02:20PM - 03:10PM,01/12/26 - 04/27/26
OPEN,43517,CSCI 2113,10,Software Engineering,3.00,"Dobolyi, K",FNGR 221,M 10:00AM - 12:30PM,01/12/26 - 04/27/26
OPEN,43518,CSCI 2113,30,Laboratory,0.00,"Dobolyi, K",TOMP 405,W 11:10AM - 12:25PM,01/12/26 - 04/27/26
OPEN,45393,CSCI 2113,31,Laboratory,0.00,"Dobolyi, K",SEH 4040,W 11:10AM - 12:25PM,01/12/26 - 04/27/26
OPEN,48586,CSCI 2441,10,Database Systems and Team Projects,3.00,"He, L",TOMP 310,W 06:10PM - 08:40PM,01/12/26 - 04/27/26
OPEN,48587,CSCI 2441,30,Laboratory,0.00,"He, L",TOMP 405,R 12:45PM - 02:35PM,01/12/26 - 04/27/26
CANCELLED,45137,CSCI 2441W,10,Database Systems and Team Projects,3.00,,,,01/12/26 - 04/27/26
CANCELLED,45138,CSCI 2441W,30,Laboratory,0.00,,,,01/12/26 - 04/27/26
OPEN,45586,CSCI 2460,10,Introduction to Computer Systems,3.00,"He, L",1776 G C-119,R 06:10PM - 08:40PM,01/12/26 - 04/27/26
OPEN,48580,CSCI 2541,10,Database Systems and Team Projects,3.00,"Parmer, G",SEH 1300 AND SEH 1400 AND SEH 1450,MW 12:45PM - 02:00PM AND MW 12:45PM - 02:00PM AND MW 12:45PM - 02:00PM,01/12/26 - 04/27/26
OPEN,48583,CSCI 2541,30,Laboratory,0.00,"Parmer, G",SEH 1300 AND SEH 1400,W 02:10PM - 03:25PM AND W 02:10PM - 03:25PM,01/12/26 - 04/27/26
OPEN,48585,CSCI 2541,31,Database Systems and Team Projects,0.00,"Parmer, G",SEH 1450,W 02:10PM - 03:25PM,01/12/26 - 04/27/26
CANCELLED,44754,CSCI 2541W,10,Database Systems and Team Projects,3.00,,,,01/12/26 - 04/27/26
CANCELLED,44755,CSCI 2541W,30,Laboratory,0.00,,,,01/12/26 - 04/27/26
CANCELLED,44756,CSCI 2541W,31,Laboratory,0.00,,,,01/12/26 - 04/27/26
OPEN,46085,CSCI 3212,10,Algorithms,4.00,"Simha, R",SEH 1300 AND SEH 1400,TR 04:40PM - 06:00PM AND TR 04:40PM - 06:00PM,01/12/26 - 04/27/26
OPEN,46086,CSCI 3212,30,Algorithms Lab,0.00,"Simha, R",TOMP 405,W 03:30PM - 05:30PM,01/12/26 - 04/27/26
OPEN,45339,CSCI 3313,10,Foundations of Computing,3.00,"Hwa, R",SEH 1300 AND SEH 1400 AND SEH 1450,TR 11:10AM - 12:25PM AND TR 11:10AM - 12:25PM AND TR 11:10AM - 12:25PM,01/12/26 - 04/27/26
WAITLIST,45331,CSCI 3313,30,Foundations of Computing,0.00,"Hwa, R",SEH 1300 AND SEH 1400,W 10:00AM - 11:15AM AND W 10:00AM - 11:15AM,01/12/26 - 04/27/26
OPEN,45332,CSCI 3313,31,Foundations of Computing,0.00,"Hwa, R",SEH 1450,W 10:00AM - 11:15AM,01/12/26 - 04/27/26
OPEN,46358,CSCI 3401,10,Computer Architecture and Organization,3.00,"Taylor, J",GELM B108,TR 03:45PM - 05:00PM,01/12/26 - 04/27/26
OPEN,46359,CSCI 3401,30,Laboratory,0.00,"Taylor, J",SEH 1300 AND SEH 1400,M 10:00AM - 11:15AM AND M 10:00AM - 11:15AM,01/12/26 - 04/27/26
OPEN,46360,CSCI 3401,31,Laboratory,0.00,"Taylor, J",SEH 1450,M 10:00AM - 11:15AM,01/12/26 - 04/27/26
OPEN,43377,CSCI 3908,10,Research,1.00 TO   3.00,"Pless, R",,,01/12/26 - 04/27/26
OPEN,44149,CSCI 3908,11,Research,1.00 TO   3.00,"Simha, R",,,01/12/26 - 04/27/26
OPEN,44624,CSCI 3908,12,Research,1.00 TO   3.00,"Aviv, A",,,01/12/26 - 04/27/26
OPEN,47048,CSCI 3908,13,Research,3.00,"Zhou, J",,,01/12/26 - 04/27/26
OPEN,44900,CSCI 1012,10,Introduction to Programming with Python,3.00,"Goldfrank, J",1957 E 213,M 03:45PM - 05:00PM,01/12/26 - 04/27/26
WAITLIST,44980,CSCI 1012,30,Introduction to Programming with Python,0.00,"Goldfrank, J",ROME B103,W 03:45PM - 05:00PM,01/12/26 - 04/27/26
WAITLIST,44981,CSCI 1012,31,Introduction to Programming with Python,0.00,"Goldfrank, J",SEH 4040,W 03:45PM - 05:00PM,01/12/26 - 04/27/26
OPEN,44982,CSCI 1012,32,Introduction to Programming with Python,0.00,"Goldfrank, J",SEH 4040,F 03:45PM - 05:00PM,01/12/26 - 04/27/26
OPEN,44983,CSCI 1012,33,Introduction to Programming with Python,0.00,"Goldfrank, J",MON 350,F 03:45PM - 05:00PM,01/12/26 - 04/27/26
OPEN,44984,CSCI 1012,34,Introduction to Programming with Python,0.00,"Goldfrank, J",1776 G C-118,W 03:45PM - 05:00PM,01/12/26 - 04/27/26
OPEN,44985,CSCI 1012,35,Introduction to Programming with Python,0.00,"Goldfrank, J",DUQUES 250,W 03:45PM - 05:00PM,01/12/26 - 04/27/26
OPEN,44986,CSCI 1012,36,Introduction to Programming with Python,0.00,"Goldfrank, J",DUQUES 361,F 03:45PM - 05:00PM,01/12/26 - 04/27/26
WAITLIST,45254,CSCI 1012,37,Introduction to Programming with Python,0.00,"Goldfrank, J",,F 03:45PM - 05:00PM,01/12/26 - 04/27/26
OPEN,46084,CSCI 1012,12,Introduction to Programming with Python,3.00,"Shaban, H",1957 E 212,M 06:10PM - 08:40PM,01/12/26 - 04/27/26
OPEN,43428,CSCI 1022,10,Introduction to Internet Technology,3.00,"Vidrine, E",TOMP 301,R 06:10PM - 08:40PM,01/12/26 - 04/27/26
WAITLIST,43433,CSCI 1023,10,Introduction to Web Software Development,3.00,"Brenner, N",TOMP 406,T 06:10PM - 08:40PM,01/12/26 - 04/27/26
OPEN,43685,CSCI 1111,10,Introduction to Software Development,3.00,"Dobolyi, K",MPA B07,TR 11:10AM - 12:25PM,01/12/26 - 04/27/26
OPEN,43686,CSCI 1111,30,Laboratory,0.00,"Dobolyi, K",TOMP 405,M 11:10AM - 01:00PM,01/12/26 - 04/27/26
OPEN,43486,CSCI 1112,10,Algorithms and Data Structures,3.00,"Taylor, J",1957 E 213,TR 09:35AM - 10:50AM,01/12/26 - 04/27/26
OPEN,43487,CSCI 1112,30,Laboratory,0.00,"Taylor, J",GELM 641,F 01:00PM - 02:50PM,01/12/26 - 04/27/26
OPEN,43488,CSCI 1112,31,Laboratory,0.00,"Taylor, J",MON B33,F 10:40AM - 12:30PM,01/12/26 - 04/27/26
OPEN,43374,CSCI 1311,10,Discrete Structures I,3.00,"Malek-Madani, R",1957 E 213,TR 03:45PM - 05:00PM,01/12/26 - 04/27/26
OPEN,43799,CSCI 1311,30,Laboratory,0.00,"Malek-Madani, R",TOMP 201,M 11:10AM - 12:00PM,01/12/26 - 04/27/26
OPEN,44550,CSCI 1311,32,Laboratory,0.00,"Malek-Madani, R",SEH 1300 AND SEH 1400,M 02:20PM - 03:10PM AND M 02:20PM - 03:10PM,01/12/26 - 04/27/26
OPEN,43517,CSCI 2113,10,Software Engineering,3.00,"Dobolyi, K",FNGR 221,M 10:00AM - 12:30PM,01/12/26 - 04/27/26
OPEN,43518,CSCI 2113,30,Laboratory,0.00,"Dobolyi, K",TOMP 405,W 11:10AM - 12:25PM,01/12/26 - 04/27/26
OPEN,45393,CSCI 2113,31,Laboratory,0.00,"Dobolyi, K",SEH 4040,W 11:10AM - 12:25PM,01/12/26 - 04/27/26
OPEN,48586,CSCI 2441,10,Database Systems and Team Projects,3.00,"He, L",TOMP 310,W 06:10PM - 08:40PM,01/12/26 - 04/27/26
OPEN,48587,CSCI 2441,30,Laboratory,0.00,"He, L",TOMP 405,R 12:45PM - 02:35PM,01/12/26 - 04/27/26
CANCELLED,45137,CSCI 2441W,10,Database Systems and Team Projects,3.00,,,,01/12/26 - 04/27/26
CANCELLED,45138,CSCI 2441W,30,Laboratory,0.00,,,,01/12/26 - 04/27/26
OPEN,45586,CSCI 2460,10,Introduction to Computer Systems,3.00,"He, L",1776 G C-119,R 06:10PM - 08:40PM,01/12/26 - 04/27/26
OPEN,48580,CSCI 2541,10,Database Systems and Team Projects,3.00,"Parmer, G",SEH 1300 AND SEH 1400 AND SEH 1450,MW 12:45PM - 02:00PM AND MW 12:45PM - 02:00PM AND MW 12:45PM - 02:00PM,01/12/26 - 04/27/26
OPEN,48583,CSCI 2541,30,Laboratory,0.00,"Parmer, G",SEH 1300 AND SEH 1400,W 02:10PM - 03:25PM AND W 02:10PM - 03:25PM,01/12/26 - 04/27/26
OPEN,48585,CSCI 2541,31,Database Systems and Team Projects,0.00,"Parmer, G",SEH 1450,W 02:10PM - 03:25PM,01/12/26 - 04/27/26
CANCELLED,44754,CSCI 2541W,10,Database Systems and Team Projects,3.00,,,,01/12/26 - 04/27/26
CANCELLED,44755,CSCI 2541W,30,Laboratory,0.00,,,,01/12/26 - 04/27/26
CANCELLED,44756,CSCI 2541W,31,Laboratory,0.00,,,,01/12/26 - 04/27/26
OPEN,46085,CSCI 3212,10,Algorithms,4.00,"Simha, R",SEH 1300 AND SEH 1400,TR 04:40PM - 06:00PM AND TR 04:40PM - 06:00PM,01/12/26 - 04/27/26
OPEN,46086,CSCI 3212,30,Algorithms Lab,0.00,"Simha, R",TOMP 405,W 03:30PM - 05:30PM,01/12/26 - 04/27/26
OPEN,45339,CSCI 3313,10,Foundations of Computing,3.00,"Hwa, R",SEH 1300 AND SEH 1400 AND SEH 1450,TR 11:10AM - 12:25PM AND TR 11:10AM - 12:25PM AND TR 11:10AM - 12:25PM,01/12/26 - 04/27/26
WAITLIST,45331,CSCI 3313,30,Foundations of Computing,0.00,"Hwa, R",SEH 1300 AND SEH 1400,W 10:00AM - 11:15AM AND W 10:00AM - 11:15AM,01/12/26 - 04/27/26
OPEN,45332,CSCI 3313,31,Foundations of Computing,0.00,"Hwa, R",SEH 1450,W 10:00AM - 11:15AM,01/12/26 - 04/27/26
OPEN,46358,CSCI 3401,10,Computer Architecture and Organization,3.00,"Taylor, J",GELM B108,TR 03:45PM - 05:00PM,01/12/26 - 04/27/26
OPEN,46359,CSCI 3401,30,Laboratory,0.00,"Taylor, J",SEH 1300 AND SEH 1400,M 10:00AM - 11:15AM AND M 10:00AM - 11:15AM,01/12/26 - 04/27/26
OPEN,46360,CSCI 3401,31,Laboratory,0.00,"Taylor, J",SEH 1450,M 10:00AM - 11:15AM,01/12/26 - 04/27/26
OPEN,43377,CSCI 3908,10,Research,1.00 TO   3.00,"Pless, R",,,01/12/26 - 04/27/26
OPEN,44149,CSCI 3908,11,Research,1.00 TO   3.00,"Simha, R",,,01/12/26 - 04/27/26
OPEN,44624,CSCI 3908,12,Research,1.00 TO   3.00,"Aviv, A",,,01/12/26 - 04/27/26
OPEN,47048,CSCI 3908,13,Research,3.00,"Zhou, J",,,01/12/26 - 04/27/26
OPEN,44281,CSCI 3908,14,Research,1.00 TO   3.00,"Yerukhimovich, A",,,01/12/26 - 04/27/26
OPEN,47360,CSCI 3908,15,Research,1.00,"Feng, S",,,01/12/26 - 04/27/26
OPEN,44282,CSCI 3908,16,Research,1.00 TO   3.00,"Hahn, J",,,01/12/26 - 04/27/26
OPEN,44283,CSCI 3908,17,Research,1.00 TO   3.00,"Youssef, A",,,01/12/26 - 04/27/26
OPEN,44284,CSCI 3908,18,Research,1.00 TO   3.00,"Narahari, B",,,01/12/26 - 04/27/26
OPEN,44285,CSCI 3908,19,Research,1.00 TO   3.00,"Parmer, G",,,01/12/26 - 04/27/26
OPEN,44286,CSCI 3908,20,Research,1.00 TO   3.00,"Vora, P",,,01/12/26 - 04/27/26
OPEN,44287,CSCI 3908,21,Research,1.00 TO   3.00,"Wood, T",,,01/12/26 - 04/27/26
OPEN,47361,CSCI 3908,22,Research,1.00,"Woodworth, B",,,01/12/26 - 04/27/26
OPEN,45731,CSCI 3908,23,Research,1.00 TO   3.00,"Hwa, R",,,01/12/26 - 04/27/26
OPEN,45792,CSCI 3908,24,Research,1.00 TO   3.00,"Dobolyi, K",,,01/12/26 - 04/27/26
OPEN,45793,CSCI 3908,25,Research,1.00 TO   3.00,"Taylor, J",,,01/12/26 - 04/27/26
OPEN,47362,CSCI 3908,26,Research,1.00 TO   3.00,"Qu, X",,,01/12/26 - 04/27/26
CLOSED,47396,CSCI 3908,27,Research,1.00 TO   3.00,"Goldfrank, J",,,01/12/26 - 04/27/26
OPEN,47428,CSCI 3908,28,Research,1.00 TO   3.00,"Mohan, S",,,01/12/26 - 04/27/26
WAITLIST,46125,CSCI 4237,10,Software Design for Handheld Devices,3.00,"Cobb, M",TOMP 402,T 06:10PM - 08:40PM,01/12/26 - 04/27/26
OPEN,43876,CSCI 4244,10,Capstone Design Project II,4.00,"Kim, T; Qu, X",MON B32,T 03:45PM - 05:00PM,01/12/26 - 04/27/26
CLOSED,43943,CSCI 4244,30,Laboratory,0.00,"Kim, T; Qu, X",SEH 1300 AND SEH 1400,W 06:10PM - 08:40PM AND W 06:10PM - 08:40PM,01/12/26 - 04/27/26
OPEN,44901,CSCI 4244,31,Capstone Design Project II,0.00,"Shapiro, J; Qu, X",SEH 1450,W 06:10PM - 08:40PM,01/12/26 - 04/27/26
OPEN,45584,CSCI 4244,11,Capstone Design Project II,4.00,"Shapiro, J; Qu, X",TOMP 201,T 03:45PM - 05:00PM,01/12/26 - 04/27/26
CLOSED,43943,CSCI 4244,30,Laboratory,0.00,"Kim, T; Qu, X",SEH 1300 AND SEH 1400,W 06:10PM - 08:40PM AND W 06:10PM - 08:40PM,01/12/26 - 04/27/26
OPEN,44901,CSCI 4244,31,Capstone Design Project II,0.00,"Shapiro, J; Qu, X",SEH 1450,W 06:10PM - 08:40PM,01/12/26 - 04/27/26
OPEN,47498,CSCI 4364,10,Machine Learning,3.00,"Qu, X",1957 E B17,F 09:30AM - 12:00PM,01/12/26 - 04/27/26
OPEN,44903,CSCI 6364,80,Machine Learning,3.00,"Qu, X",1957 E B17,F 09:30AM - 12:00PM,01/12/26 - 04/27/26
OPEN,45732,CSCI 4364,81,Machine Learning,3.00,"Feng, S",COR 104,R 12:45PM - 03:15PM,01/12/26 - 04/27/26
OPEN,45733,CSCI 6364,81,Machine Learning,3.00,"Feng, S",COR 104,R 12:45PM - 03:15PM,01/12/26 - 04/27/26
OPEN,44281,CSCI 3908,14,Research,1.00 TO   3.00,"Yerukhimovich, A",,,01/12/26 - 04/27/26
OPEN,47360,CSCI 3908,15,Research,1.00,"Feng, S",,,01/12/26 - 04/27/26
OPEN,44282,CSCI 3908,16,Research,1.00 TO   3.00,"Hahn, J",,,01/12/26 - 04/27/26
OPEN,44283,CSCI 3908,17,Research,1.00 TO   3.00,"Youssef, A",,,01/12/26 - 04/27/26
OPEN,44284,CSCI 3908,18,Research,1.00 TO   3.00,"Narahari, B",,,01/12/26 - 04/27/26
OPEN,44285,CSCI 3908,19,Research,1.00 TO   3.00,"Parmer, G",,,01/12/26 - 04/27/26
OPEN,44286,CSCI 3908,20,Research,1.00 TO   3.00,"Vora, P",,,01/12/26 - 04/27/26
OPEN,44287,CSCI 3908,21,Research,1.00 TO   3.00,"Wood, T",,,01/12/26 - 04/27/26
OPEN,47361,CSCI 3908,22,Research,1.00,"Woodworth, B",,,01/12/26 - 04/27/26
OPEN,45731,CSCI 3908,23,Research,1.00 TO   3.00,"Hwa, R",,,01/12/26 - 04/27/26
OPEN,45792,CSCI 3908,24,Research,1.00 TO   3.00,"Dobolyi, K",,,01/12/26 - 04/27/26
OPEN,45793,CSCI 3908,25,Research,1.00 TO   3.00,"Taylor, J",,,01/12/26 - 04/27/26
OPEN,47362,CSCI 3908,26,Research,1.00 TO   3.00,"Qu, X",,,01/12/26 - 04/27/26
CLOSED,47396,CSCI 3908,27,Research,1.00 TO   3.00,"Goldfrank, J",,,01/12/26 - 04/27/26
OPEN,47428,CSCI 3908,28,Research,1.00 TO   3.00,"Mohan, S",,,01/12/26 - 04/27/26
WAITLIST,46125,CSCI 4237,10,Software Design for Handheld Devices,3.00,"Cobb, M",TOMP 402,T 06:10PM - 08:40PM,01/12/26 - 04/27/26
OPEN,43876,CSCI 4244,10,Capstone Design Project II,4.00,"Kim, T; Qu, X",MON B32,T 03:45PM - 05:00PM,01/12/26 - 04/27/26
CLOSED,43943,CSCI 4244,30,Laboratory,0.00,"Kim, T; Qu, X",SEH 1300 AND SEH 1400,W 06:10PM - 08:40PM AND W 06:10PM - 08:40PM,01/12/26 - 04/27/26
OPEN,44901,CSCI 4244,31,Capstone Design Project II,0.00,"Shapiro, J; Qu, X",SEH 1450,W 06:10PM - 08:40PM,01/12/26 - 04/27/26
OPEN,45584,CSCI 4244,11,Capstone Design Project II,4.00,"Shapiro, J; Qu, X",TOMP 201,T 03:45PM - 05:00PM,01/12/26 - 04/27/26
CLOSED,43943,CSCI 4244,30,Laboratory,0.00,"Kim, T; Qu, X",SEH 1300 AND SEH 1400,W 06:10PM - 08:40PM AND W 06:10PM - 08:40PM,01/12/26 - 04/27/26
OPEN,44901,CSCI 4244,31,Capstone Design Project II,0.00,"Shapiro, J; Qu, X",SEH 1450,W 06:10PM - 08:40PM,01/12/26 - 04/27/26
OPEN,47498,CSCI 4364,10,Machine Learning,3.00,"Qu, X",1957 E B17,F 09:30AM - 12:00PM,01/12/26 - 04/27/26
OPEN,44903,CSCI 6364,80,Machine Learning,3.00,"Qu, X",1957 E B17,F 09:30AM - 12:00PM,01/12/26 - 04/27/26
OPEN,45732,CSCI 4364,81,Machine Learning,3.00,"Feng, S",COR 104,R 12:45PM - 03:15PM,01/12/26 - 04/27/26
OPEN,45733,CSCI 6364,81,Machine Learning,3.00,"Feng, S",COR 104,R 12:45PM - 03:15PM,01/12/26 - 04/27/26
OPEN,46510,CSCI 4366,80,Neural Networks and Deep Learning,3.00,"Sipple, J",SEH 1300 AND SEH 1400,M 06:10PM - 08:40PM AND M 06:10PM - 08:40PM,01/12/26 - 04/27/26
OPEN,46517,CSCI 6366,80,Neural Networks and Deep Learn,3.00,"Sipple, J",SEH 1300 AND SEH 1400,M 06:10PM - 08:40PM AND M 06:10PM - 08:40PM,01/12/26 - 04/27/26
OPEN,48591,CSCI 4454,10,Augmented and Virtual Reality,3.00,"Ok, H",TOMP 411,W 03:30PM - 06:00PM,01/12/26 - 04/27/26
WAITLIST,45135,CSCI 4455,10,Computer Game Design and Programming,3.00,"Byun, J",MPA 208,M 06:10PM - 08:40PM,01/12/26 - 04/27/26
OPEN,47351,CSCI 4511,80,Artificial Intelligence,3.00,"Goldfrank, J",DUQUES 359,F 12:45PM - 03:15PM,01/12/26 - 04/27/26
WAITLIST,45328,CSCI 6511,80,Artificial Intelligence,3.00,"Goldfrank, J",DUQUES 359,F 12:45PM - 03:15PM,01/12/26 - 04/27/26
WAITLIST,44197,CSCI 4531,80,Computer Security,3.00,"Zhou, J",GELM B108,M 12:45PM - 03:15PM,01/12/26 - 04/27/26
OPEN,44159,CSCI 6531,80,Computer Security,3.00,"Zhou, J",GELM B108,M 12:45PM - 03:15PM,01/12/26 - 04/27/26
WAITLIST,43549,CSCI 4541,80,Network Security,3.00,"Refaei, M",PHIL 209,M 06:10PM - 08:40PM,01/12/26 - 04/27/26
WAITLIST,43553,CSCI 6541,80,Network Security,3.00,"Refaei, M",PHIL 209,M 06:10PM - 08:40PM,01/12/26 - 04/27/26
OPEN,44270,CSCI 4554,10,Computer Graphics I,3.00,"Adhami, L",COR 204,M 06:10PM - 08:40PM,01/12/26 - 04/27/26
CANCELLED,47433,CSCI 4907,10,Advanced Topics in AR,3.00,,,,01/12/26 - 04/27/26
CANCELLED,47434,CSCI 6907,10,Advanced Topics in AR,3.00,,,,01/12/26 - 04/27/26
CANCELLED,46356,CSCI 4907,80,Big Data & Analytics,3.00,,,,01/12/26 - 04/27/26
CANCELLED,44606,CSCI 6444,80,Introduction to Big Data and Analytics,3.00,,,,01/12/26 - 04/27/26
OPEN,46511,CSCI 4907,81,Cloud Computing,3.00,"Fernandez, R",1957 E B12,F 07:10PM - 09:40PM,01/12/26 - 04/27/26
WAITLIST,46515,CSCI 6907,81,Cloud Computing,3.00,"Fernandez, R",1957 E B12,F 07:10PM - 09:40PM,01/12/26 - 04/27/26
OPEN,46512,CSCI 4907,82,Natural Language Understanding,3.00,"Zirikly, A",1957 E 111,T 12:45PM - 03:15PM,01/12/26 - 04/27/26
CANCELLED,46513,CSCI 4907,83,Adv Topic; Operating Systems,3.00,,,,01/12/26 - 04/27/26
CANCELLED,47381,CSCI 6411,82,Advanced Operating Systems,3.00,,,,01/12/26 - 04/27/26
WAITLIST,46357,CSCI 4907,84,Data Mgt Sys for DataAnalytics,3.00,"Mendenhall, A",SEH 1450,M 06:10PM - 08:40PM,01/12/26 - 04/27/26
WAITLIST,45333,EMSE 6586,80,Data Management Systems for Data Analytics,3.00,"Mendenhall, A",SEH 1450,M 06:10PM - 08:40PM,01/12/26 - 04/27/26
WAITLIST,45334,CSCI 6907,83,Data Mgt Sys for DataAnalytics,3.00,"Mendenhall, A",SEH 1450,M 06:10PM - 08:40PM,01/12/26 - 04/27/26
WAITLIST,46595,CSCI 4907,85,Big Data & Analytics,3.00,"Omrani Sabbaghi, S",1776 G C-103,T 06:10PM - 08:40PM,01/12/26 - 04/27/26
OPEN,46596,CSCI 6444,85,Introduction to Big Data and Analytics,3.00,"Omrani Sabbaghi, S",1776 G C-103,T 06:10PM - 08:40PM,01/12/26 - 04/27/26
OPEN,46547,CSCI 4907,86,Design of Autonomous Systems,3.00,"Mohan, S",GELM 642 AND GELM B103,TR 12:45PM - 02:00PM AND TR 02:30PM - 03:20PM,01/12/26 - 04/27/26
OPEN,46548,CSCI 6907,86,Design of Autonomous Systems,3.00,"Mohan, S",GELM 642 AND GELM B103,TR 12:45PM - 02:00PM AND TR 02:30PM - 03:20PM,01/12/26 - 04/27/26
OPEN,47499,CSCI 4907,87,Advanced Topics in Computer Science,3.00,"Mehrabian, A; Hamidian, S",TOMP 307,F 12:45PM - 03:15PM,01/12/26 - 04/27/26
OPEN,47490,CSCI 6365,80,Advanced Machine Learning,3.00,"Hamidian, S; Mehrabian, A",TOMP 309,F 12:45PM - 03:15PM,01/12/26 - 04/27/26
CANCELLED,41076,CSCI 6011,10,Introduction to Computer Systems and Algorithm Analysis,3.00,,,,01/12/26 - 04/27/26
OPEN,45095,CSCI 6212,10,Design and Analysis of Algorithms,3.00,"Youssef, A",GELM B108,M 03:30PM - 06:00PM,01/12/26 - 04/27/26
OPEN,46178,CSCI 6221,10,Advanced Software Paradigms,3.00,"Hwang, Y",MON B33,W 06:10PM - 08:40PM,01/12/26 - 04/27/26
CANCELLED,45585,CSCI 6221,11,Advanced Software Paradigms,3.00,,,,01/12/26 - 04/27/26
OPEN,46510,CSCI 4366,80,Neural Networks and Deep Learning,3.00,"Sipple, J",SEH 1300 AND SEH 1400,M 06:10PM - 08:40PM AND M 06:10PM - 08:40PM,01/12/26 - 04/27/26
OPEN,46517,CSCI 6366,80,Neural Networks and Deep Learn,3.00,"Sipple, J",SEH 1300 AND SEH 1400,M 06:10PM - 08:40PM AND M 06:10PM - 08:40PM,01/12/26 - 04/27/26
OPEN,48591,CSCI 4454,10,Augmented and Virtual Reality,3.00,"Ok, H",TOMP 411,W 03:30PM - 06:00PM,01/12/26 - 04/27/26
WAITLIST,45135,CSCI 4455,10,Computer Game Design and Programming,3.00,"Byun, J",MPA 208,M 06:10PM - 08:40PM,01/12/26 - 04/27/26
OPEN,47351,CSCI 4511,80,Artificial Intelligence,3.00,"Goldfrank, J",DUQUES 359,F 12:45PM - 03:15PM,01/12/26 - 04/27/26
WAITLIST,45328,CSCI 6511,80,Artificial Intelligence,3.00,"Goldfrank, J",DUQUES 359,F 12:45PM - 03:15PM,01/12/26 - 04/27/26
WAITLIST,44197,CSCI 4531,80,Computer Security,3.00,"Zhou, J",GELM B108,M 12:45PM - 03:15PM,01/12/26 - 04/27/26
OPEN,44159,CSCI 6531,80,Computer Security,3.00,"Zhou, J",GELM B108,M 12:45PM - 03:15PM,01/12/26 - 04/27/26
WAITLIST,43549,CSCI 4541,80,Network Security,3.00,"Refaei, M",PHIL 209,M 06:10PM - 08:40PM,01/12/26 - 04/27/26
WAITLIST,43553,CSCI 6541,80,Network Security,3.00,"Refaei, M",PHIL 209,M 06:10PM - 08:40PM,01/12/26 - 04/27/26
OPEN,44270,CSCI 4554,10,Computer Graphics I,3.00,"Adhami, L",COR 204,M 06:10PM - 08:40PM,01/12/26 - 04/27/26
CANCELLED,47433,CSCI 4907,10,Advanced Topics in AR,3.00,,,,01/12/26 - 04/27/26
CANCELLED,47434,CSCI 6907,10,Advanced Topics in AR,3.00,,,,01/12/26 - 04/27/26
CANCELLED,46356,CSCI 4907,80,Big Data & Analytics,3.00,,,,01/12/26 - 04/27/26
CANCELLED,44606,CSCI 6444,80,Introduction to Big Data and Analytics,3.00,,,,01/12/26 - 04/27/26
OPEN,46511,CSCI 4907,81,Cloud Computing,3.00,"Fernandez, R",1957 E B12,F 07:10PM - 09:40PM,01/12/26 - 04/27/26
WAITLIST,46515,CSCI 6907,81,Cloud Computing,3.00,"Fernandez, R",1957 E B12,F 07:10PM - 09:40PM,01/12/26 - 04/27/26
OPEN,46512,CSCI 4907,82,Natural Language Understanding,3.00,"Zirikly, A",1957 E 111,T 12:45PM - 03:15PM,01/12/26 - 04/27/26
CANCELLED,46513,CSCI 4907,83,Adv Topic; Operating Systems,3.00,,,,01/12/26 - 04/27/26
CANCELLED,47381,CSCI 6411,82,Advanced Operating Systems,3.00,,,,01/12/26 - 04/27/26
WAITLIST,46357,CSCI 4907,84,Data Mgt Sys for DataAnalytics,3.00,"Mendenhall, A",SEH 1450,M 06:10PM - 08:40PM,01/12/26 - 04/27/26
WAITLIST,45333,EMSE 6586,80,Data Management Systems for Data Analytics,3.00,"Mendenhall, A",SEH 1450,M 06:10PM - 08:40PM,01/12/26 - 04/27/26
WAITLIST,45334,CSCI 6907,83,Data Mgt Sys for DataAnalytics,3.00,"Mendenhall, A",SEH 1450,M 06:10PM - 08:40PM,01/12/26 - 04/27/26
WAITLIST,46595,CSCI 4907,85,Big Data & Analytics,3.00,"Omrani Sabbaghi, S",1776 G C-103,T 06:10PM - 08:40PM,01/12/26 - 04/27/26
OPEN,46596,CSCI 6444,85,Introduction to Big Data and Analytics,3.00,"Omrani Sabbaghi, S",1776 G C-103,T 06:10PM - 08:40PM,01/12/26 - 04/27/26
OPEN,46547,CSCI 4907,86,Design of Autonomous Systems,3.00,"Mohan, S",GELM 642 AND GELM B103,TR 12:45PM - 02:00PM AND TR 02:30PM - 03:20PM,01/12/26 - 04/27/26
OPEN,46548,CSCI 6907,86,Design of Autonomous Systems,3.00,"Mohan, S",GELM 642 AND GELM B103,TR 12:45PM - 02:00PM AND TR 02:30PM - 03:20PM,01/12/26 - 04/27/26
OPEN,47499,CSCI 4907,87,Advanced Topics in Computer Science,3.00,"Mehrabian, A; Hamidian, S",TOMP 307,F 12:45PM - 03:15PM,01/12/26 - 04/27/26
OPEN,47490,CSCI 6365,80,Advanced Machine Learning,3.00,"Hamidian, S; Mehrabian, A",TOMP 309,F 12:45PM - 03:15PM,01/12/26 - 04/27/26
CANCELLED,41076,CSCI 6011,10,Introduction to Computer Systems and Algorithm Analysis,3.00,,,,01/12/26 - 04/27/26
OPEN,45095,CSCI 6212,10,Design and Analysis of Algorithms,3.00,"Youssef, A",GELM B108,M 03:30PM - 06:00PM,01/12/26 - 04/27/26
OPEN,46178,CSCI 6221,10,Advanced Software Paradigms,3.00,"Hwang, Y",MON B33,W 06:10PM - 08:40PM,01/12/26 - 04/27/26
CANCELLED,45585,CSCI 6221,11,Advanced Software Paradigms,3.00,,,,01/12/26 - 04/27/26
WAITLIST,45577,CSCI 6231,10,Software Engineering,3.00,"McKeeby, J",TOMP 405,M 06:10PM - 08:40PM,01/12/26 - 04/27/26
WAITLIST,43375,CSCI 6234,10,Object-Oriented Design,3.00,"Melo, W",GELM B108,R 06:10PM - 08:40PM,01/12/26 - 04/27/26
OPEN,46124,CSCI 6235,10,Component-Based Enterprise Software Development,3.00,"Levy, R",MPA 302,F 03:30PM - 06:00PM,01/12/26 - 04/27/26
CANCELLED,46522,CSCI 6345,84,Introduction to Quantum Computing,3.00,,,,01/12/26 - 04/27/26
OPEN,47489,CSCI 6364,10,Machine Learning,3.00,"Mehrabian, A",PHIL B152,F 09:30AM - 12:00PM,01/12/26 - 04/27/26
OPEN,44903,CSCI 6364,80,Machine Learning,3.00,"Qu, X",1957 E B17,F 09:30AM - 12:00PM,01/12/26 - 04/27/26
OPEN,47498,CSCI 4364,10,Machine Learning,3.00,"Qu, X",1957 E B17,F 09:30AM - 12:00PM,01/12/26 - 04/27/26
OPEN,45733,CSCI 6364,81,Machine Learning,3.00,"Feng, S",COR 104,R 12:45PM - 03:15PM,01/12/26 - 04/27/26
OPEN,45732,CSCI 4364,81,Machine Learning,3.00,"Feng, S",COR 104,R 12:45PM - 03:15PM,01/12/26 - 04/27/26
OPEN,47490,CSCI 6365,80,Advanced Machine Learning,3.00,"Hamidian, S; Mehrabian, A",TOMP 309,F 12:45PM - 03:15PM,01/12/26 - 04/27/26
OPEN,47499,CSCI 4907,87,Advanced Topics in Computer Science,3.00,"Mehrabian, A; Hamidian, S",TOMP 307,F 12:45PM - 03:15PM,01/12/26 - 04/27/26
OPEN,46517,CSCI 6366,80,Neural Networks and Deep Learn,3.00,"Sipple, J",SEH 1300 AND SEH 1400,M 06:10PM - 08:40PM AND M 06:10PM - 08:40PM,01/12/26 - 04/27/26
OPEN,46510,CSCI 4366,80,Neural Networks and Deep Learning,3.00,"Sipple, J",SEH 1300 AND SEH 1400,M 06:10PM - 08:40PM AND M 06:10PM - 08:40PM,01/12/26 - 04/27/26
CANCELLED,47381,CSCI 6411,82,Advanced Operating Systems,3.00,,,,01/12/26 - 04/27/26
CANCELLED,46513,CSCI 4907,83,Adv Topic; Operating Systems,3.00,,,,01/12/26 - 04/27/26
WAITLIST,46087,CSCI 6418,80,"Linux for scientists, engineers, & computational science.",3.00,"Salimi, B",ROME 202,T 03:00PM - 05:00PM,01/12/26 - 04/27/26
WAITLIST,41729,CSCI 6418,DE,Unix Systems Administration,3.00,"Salimi, B",ON LINE,T 03:00PM - 05:00PM,01/12/26 - 04/27/26
OPEN,46133,CSCI 6421,80,Distributed and Cluster Computing,3.00,"Haghnazar Koochaksaraei, R",MON 251,R 06:10PM - 08:40PM,01/12/26 - 04/27/26
WAITLIST,46132,CSCI 6421,81,Distributed and Cluster Computing,3.00,"Haghnazar Koochaksaraei, R",MON 251,R 06:10PM - 08:40PM,01/12/26 - 04/27/26
WAITLIST,46132,CSCI 6421,81,Distributed and Cluster Computing,3.00,"Haghnazar Koochaksaraei, R",MON 251,R 06:10PM - 08:40PM,01/12/26 - 04/27/26
OPEN,46133,CSCI 6421,80,Distributed and Cluster Computing,3.00,"Haghnazar Koochaksaraei, R",MON 251,R 06:10PM - 08:40PM,01/12/26 - 04/27/26
OPEN,45376,CSCI 6442,10,Database Systems II,3.00,"Fernandez, R",MPA B07,F 04:30PM - 07:00PM,01/12/26 - 04/27/26
OPEN,46158,CSCI 6443,10,Data Mining,3.00,"Bellaachia, A",ROME 459,R 06:10PM - 08:40PM,01/12/26 - 04/27/26
CANCELLED,44606,CSCI 6444,80,Introduction to Big Data and Analytics,3.00,,,,01/12/26 - 04/27/26
CANCELLED,46356,CSCI 4907,80,Big Data & Analytics,3.00,,,,01/12/26 - 04/27/26
OPEN,46596,CSCI 6444,85,Introduction to Big Data and Analytics,3.00,"Omrani Sabbaghi, S",1776 G C-103,T 06:10PM - 08:40PM,01/12/26 - 04/27/26
WAITLIST,46595,CSCI 4907,85,Big Data & Analytics,3.00,"Omrani Sabbaghi, S",1776 G C-103,T 06:10PM - 08:40PM,01/12/26 - 04/27/26
OPEN,45410,CSCI 6461,10,Computer System Architecture,3.00,"Kaisler, S",PHIL 111,TR 02:20PM - 03:35PM,01/12/26 - 04/27/26
OPEN,46177,CSCI 6461,12,Computer System Architecture,3.00,"Lancaster, M",1957 E 214,R 06:10PM - 08:40PM,01/12/26 - 04/27/26
WAITLIST,45328,CSCI 6511,80,Artificial Intelligence,3.00,"Goldfrank, J",DUQUES 359,F 12:45PM - 03:15PM,01/12/26 - 04/27/26
OPEN,47351,CSCI 4511,80,Artificial Intelligence,3.00,"Goldfrank, J",DUQUES 359,F 12:45PM - 03:15PM,01/12/26 - 04/27/26
WAITLIST,45577,CSCI 6231,10,Software Engineering,3.00,"McKeeby, J",TOMP 405,M 06:10PM - 08:40PM,01/12/26 - 04/27/26
WAITLIST,43375,CSCI 6234,10,Object-Oriented Design,3.00,"Melo, W",GELM B108,R 06:10PM - 08:40PM,01/12/26 - 04/27/26
OPEN,46124,CSCI 6235,10,Component-Based Enterprise Software Development,3.00,"Levy, R",MPA 302,F 03:30PM - 06:00PM,01/12/26 - 04/27/26
CANCELLED,46522,CSCI 6345,84,Introduction to Quantum Computing,3.00,,,,01/12/26 - 04/27/26
OPEN,47489,CSCI 6364,10,Machine Learning,3.00,"Mehrabian, A",PHIL B152,F 09:30AM - 12:00PM,01/12/26 - 04/27/26
OPEN,44903,CSCI 6364,80,Machine Learning,3.00,"Qu, X",1957 E B17,F 09:30AM - 12:00PM,01/12/26 - 04/27/26
OPEN,47498,CSCI 4364,10,Machine Learning,3.00,"Qu, X",1957 E B17,F 09:30AM - 12:00PM,01/12/26 - 04/27/26
OPEN,45733,CSCI 6364,81,Machine Learning,3.00,"Feng, S",COR 104,R 12:45PM - 03:15PM,01/12/26 - 04/27/26
OPEN,45732,CSCI 4364,81,Machine Learning,3.00,"Feng, S",COR 104,R 12:45PM - 03:15PM,01/12/26 - 04/27/26
OPEN,47490,CSCI 6365,80,Advanced Machine Learning,3.00,"Hamidian, S; Mehrabian, A",TOMP 309,F 12:45PM - 03:15PM,01/12/26 - 04/27/26
OPEN,47499,CSCI 4907,87,Advanced Topics in Computer Science,3.00,"Mehrabian, A; Hamidian, S",TOMP 307,F 12:45PM - 03:15PM,01/12/26 - 04/27/26
OPEN,46517,CSCI 6366,80,Neural Networks and Deep Learn,3.00,"Sipple, J",SEH 1300 AND SEH 1400,M 06:10PM - 08:40PM AND M 06:10PM - 08:40PM,01/12/26 - 04/27/26
OPEN,46510,CSCI 4366,80,Neural Networks and Deep Learning,3.00,"Sipple, J",SEH 1300 AND SEH 1400,M 06:10PM - 08:40PM AND M 06:10PM - 08:40PM,01/12/26 - 04/27/26
CANCELLED,47381,CSCI 6411,82,Advanced Operating Systems,3.00,,,,01/12/26 - 04/27/26
CANCELLED,46513,CSCI 4907,83,Adv Topic; Operating Systems,3.00,,,,01/12/26 - 04/27/26
WAITLIST,46087,CSCI 6418,80,"Linux for scientists, engineers, & computational science.",3.00,"Salimi, B",ROME 202,T 03:00PM - 05:00PM,01/12/26 - 04/27/26
WAITLIST,41729,CSCI 6418,DE,Unix Systems Administration,3.00,"Salimi, B",ON LINE,T 03:00PM - 05:00PM,01/12/26 - 04/27/26
OPEN,46133,CSCI 6421,80,Distributed and Cluster Computing,3.00,"Haghnazar Koochaksaraei, R",MON 251,R 06:10PM - 08:40PM,01/12/26 - 04/27/26
WAITLIST,46132,CSCI 6421,81,Distributed and Cluster Computing,3.00,"Haghnazar Koochaksaraei, R",MON 251,R 06:10PM - 08:40PM,01/12/26 - 04/27/26
WAITLIST,46132,CSCI 6421,81,Distributed and Cluster Computing,3.00,"Haghnazar Koochaksaraei, R",MON 251,R 06:10PM - 08:40PM,01/12/26 - 04/27/26
OPEN,46133,CSCI 6421,80,Distributed and Cluster Computing,3.00,"Haghnazar Koochaksaraei, R",MON 251,R 06:10PM - 08:40PM,01/12/26 - 04/27/26
OPEN,45376,CSCI 6442,10,Database Systems II,3.00,"Fernandez, R",MPA B07,F 04:30PM - 07:00PM,01/12/26 - 04/27/26
OPEN,46158,CSCI 6443,10,Data Mining,3.00,"Bellaachia, A",ROME 459,R 06:10PM - 08:40PM,01/12/26 - 04/27/26
CANCELLED,44606,CSCI 6444,80,Introduction to Big Data and Analytics,3.00,,,,01/12/26 - 04/27/26
CANCELLED,46356,CSCI 4907,80,Big Data & Analytics,3.00,,,,01/12/26 - 04/27/26
OPEN,46596,CSCI 6444,85,Introduction to Big Data and Analytics,3.00,"Omrani Sabbaghi, S",1776 G C-103,T 06:10PM - 08:40PM,01/12/26 - 04/27/26
WAITLIST,46595,CSCI 4907,85,Big Data & Analytics,3.00,"Omrani Sabbaghi, S",1776 G C-103,T 06:10PM - 08:40PM,01/12/26 - 04/27/26
OPEN,45410,CSCI 6461,10,Computer System Architecture,3.00,"Kaisler, S",PHIL 111,TR 02:20PM - 03:35PM,01/12/26 - 04/27/26
OPEN,46177,CSCI 6461,12,Computer System Architecture,3.00,"Lancaster, M",1957 E 214,R 06:10PM - 08:40PM,01/12/26 - 04/27/26
WAITLIST,45328,CSCI 6511,80,Artificial Intelligence,3.00,"Goldfrank, J",DUQUES 359,F 12:45PM - 03:15PM,01/12/26 - 04/27/26
OPEN,47351,CSCI 4511,80,Artificial Intelligence,3.00,"Goldfrank, J",DUQUES 359,F 12:45PM - 03:15PM,01/12/26 - 04/27/26
OPEN,44159,CSCI 6531,80,Computer Security,3.00,"Zhou, J",GELM B108,M 12:45PM - 03:15PM,01/12/26 - 04/27/26
WAITLIST,44197,CSCI 4531,80,Computer Security,3.00,"Zhou, J",GELM B108,M 12:45PM - 03:15PM,01/12/26 - 04/27/26
OPEN,43944,CSCI 6534,10,Information Security in Government,1.00 TO   3.00,"Kelly, P",MON 252,W 06:10PM - 08:40PM,01/12/26 - 04/27/26
WAITLIST,43553,CSCI 6541,80,Network Security,3.00,"Refaei, M",PHIL 209,M 06:10PM - 08:40PM,01/12/26 - 04/27/26
WAITLIST,43549,CSCI 4541,80,Network Security,3.00,"Refaei, M",PHIL 209,M 06:10PM - 08:40PM,01/12/26 - 04/27/26
CANCELLED,45794,CSCI 6542,10,Computer Network Defense,3.00,,,,01/12/26 - 04/27/26
OPEN,44785,CSCI 6548,10,E-Commerce Security,3.00,"Ok, H",MON 114,R 03:30PM - 06:00PM,01/12/26 - 04/27/26
OPEN,45734,CSCI 6554,10,Computer Graphics II,3.00,"Hahn, J",DUQUES 361,R 06:10PM - 08:40PM,01/12/26 - 04/27/26
OPEN,45735,CSCI 6562,80,Design of Interactive Multimedia,3.00,"Nicolas, E",PHIL 109,T 06:10PM - 08:40PM,01/12/26 - 04/27/26
OPEN,45736,CSCI 6562,81,Design of Interactive Multimedia,3.00,"Nicolas, E",PHIL 109,T 06:10PM - 08:40PM,01/12/26 - 04/27/26
OPEN,45736,CSCI 6562,81,Design of Interactive Multimedia,3.00,"Nicolas, E",PHIL 109,T 06:10PM - 08:40PM,01/12/26 - 04/27/26
OPEN,45735,CSCI 6562,80,Design of Interactive Multimedia,3.00,"Nicolas, E",PHIL 109,T 06:10PM - 08:40PM,01/12/26 - 04/27/26
CANCELLED,47434,CSCI 6907,10,Advanced Topics in AR,3.00,,,,01/12/26 - 04/27/26
CANCELLED,47433,CSCI 4907,10,Advanced Topics in AR,3.00,,,,01/12/26 - 04/27/26
WAITLIST,46515,CSCI 6907,81,Cloud Computing,3.00,"Fernandez, R",1957 E B12,F 07:10PM - 09:40PM,01/12/26 - 04/27/26
OPEN,46511,CSCI 4907,81,Cloud Computing,3.00,"Fernandez, R",1957 E B12,F 07:10PM - 09:40PM,01/12/26 - 04/27/26
WAITLIST,45334,CSCI 6907,83,Data Mgt Sys for DataAnalytics,3.00,"Mendenhall, A",SEH 1450,M 06:10PM - 08:40PM,01/12/26 - 04/27/26
WAITLIST,45333,EMSE 6586,80,Data Management Systems for Data Analytics,3.00,"Mendenhall, A",SEH 1450,M 06:10PM - 08:40PM,01/12/26 - 04/27/26
WAITLIST,46357,CSCI 4907,84,Data Mgt Sys for DataAnalytics,3.00,"Mendenhall, A",SEH 1450,M 06:10PM - 08:40PM,01/12/26 - 04/27/26
OPEN,46548,CSCI 6907,86,Design of Autonomous Systems,3.00,"Mohan, S",GELM 642 AND GELM B103,TR 12:45PM - 02:00PM AND TR 02:30PM - 03:20PM,01/12/26 - 04/27/26
OPEN,46547,CSCI 4907,86,Design of Autonomous Systems,3.00,"Mohan, S",GELM 642 AND GELM B103,TR 12:45PM - 02:00PM AND TR 02:30PM - 03:20PM,01/12/26 - 04/27/26
OPEN,47382,CSCI 6907,87,Robotics Vision and Perception,3.00,"Lee, T",SEH 3040,F 10:00AM - 12:30PM,01/12/26 - 04/27/26
OPEN,46539,MAE 6292,80,Robotics Vision and Perception,3.00,"Lee, T",SEH 3040,F 10:00AM - 12:30PM,01/12/26 - 04/27/26
WAITLIST,47440,CSCI 6907,88,Trustworthy AI,3.00,"Szajnfarber, Z; Pless, R",SEH B1220,M 03:30PM - 06:00PM,01/12/26 - 04/27/26
WAITLIST,45887,EMSE 6992,81,Trustworthy AI,3.00,"Szajnfarber, Z; Pless, R",SEH B1220,M 03:30PM - 06:00PM,01/12/26 - 04/27/26
OPEN,43378,CSCI 6908,10,Research,ARR,"Pless, R",,,01/12/26 - 04/27/26
OPEN,43828,CSCI 6908,11,Research,ARR,"Vora, P",,,01/12/26 - 04/27/26
OPEN,44623,CSCI 6908,12,Research,ARR,"Youssef, A",,,01/12/26 - 04/27/26
OPEN,47049,CSCI 6908,13,Research,3.00,"Zhou, J",,,01/12/26 - 04/27/26
OPEN,44976,CSCI 6908,14,Research,ARR,"Huang, H",,,01/12/26 - 04/27/26
OPEN,45398,CSCI 6908,15,Research,ARR,"Mohan, S",,,01/12/26 - 04/27/26
OPEN,44159,CSCI 6531,80,Computer Security,3.00,"Zhou, J",GELM B108,M 12:45PM - 03:15PM,01/12/26 - 04/27/26
WAITLIST,44197,CSCI 4531,80,Computer Security,3.00,"Zhou, J",GELM B108,M 12:45PM - 03:15PM,01/12/26 - 04/27/26
OPEN,43944,CSCI 6534,10,Information Security in Government,1.00 TO   3.00,"Kelly, P",MON 252,W 06:10PM - 08:40PM,01/12/26 - 04/27/26
WAITLIST,43553,CSCI 6541,80,Network Security,3.00,"Refaei, M",PHIL 209,M 06:10PM - 08:40PM,01/12/26 - 04/27/26
WAITLIST,43549,CSCI 4541,80,Network Security,3.00,"Refaei, M",PHIL 209,M 06:10PM - 08:40PM,01/12/26 - 04/27/26
CANCELLED,45794,CSCI 6542,10,Computer Network Defense,3.00,,,,01/12/26 - 04/27/26
OPEN,44785,CSCI 6548,10,E-Commerce Security,3.00,"Ok, H",MON 114,R 03:30PM - 06:00PM,01/12/26 - 04/27/26
OPEN,45734,CSCI 6554,10,Computer Graphics II,3.00,"Hahn, J",DUQUES 361,R 06:10PM - 08:40PM,01/12/26 - 04/27/26
OPEN,45735,CSCI 6562,80,Design of Interactive Multimedia,3.00,"Nicolas, E",PHIL 109,T 06:10PM - 08:40PM,01/12/26 - 04/27/26
OPEN,45736,CSCI 6562,81,Design of Interactive Multimedia,3.00,"Nicolas, E",PHIL 109,T 06:10PM - 08:40PM,01/12/26 - 04/27/26
OPEN,45736,CSCI 6562,81,Design of Interactive Multimedia,3.00,"Nicolas, E",PHIL 109,T 06:10PM - 08:40PM,01/12/26 - 04/27/26
OPEN,45735,CSCI 6562,80,Design of Interactive Multimedia,3.00,"Nicolas, E",PHIL 109,T 06:10PM - 08:40PM,01/12/26 - 04/27/26
CANCELLED,47434,CSCI 6907,10,Advanced Topics in AR,3.00,,,,01/12/26 - 04/27/26
CANCELLED,47433,CSCI 4907,10,Advanced Topics in AR,3.00,,,,01/12/26 - 04/27/26
WAITLIST,46515,CSCI 6907,81,Cloud Computing,3.00,"Fernandez, R",1957 E B12,F 07:10PM - 09:40PM,01/12/26 - 04/27/26
OPEN,46511,CSCI 4907,81,Cloud Computing,3.00,"Fernandez, R",1957 E B12,F 07:10PM - 09:40PM,01/12/26 - 04/27/26
WAITLIST,45334,CSCI 6907,83,Data Mgt Sys for DataAnalytics,3.00,"Mendenhall, A",SEH 1450,M 06:10PM - 08:40PM,01/12/26 - 04/27/26
WAITLIST,45333,EMSE 6586,80,Data Management Systems for Data Analytics,3.00,"Mendenhall, A",SEH 1450,M 06:10PM - 08:40PM,01/12/26 - 04/27/26
WAITLIST,46357,CSCI 4907,84,Data Mgt Sys for DataAnalytics,3.00,"Mendenhall, A",SEH 1450,M 06:10PM - 08:40PM,01/12/26 - 04/27/26
OPEN,46548,CSCI 6907,86,Design of Autonomous Systems,3.00,"Mohan, S",GELM 642 AND GELM B103,TR 12:45PM - 02:00PM AND TR 02:30PM - 03:20PM,01/12/26 - 04/27/26
OPEN,46547,CSCI 4907,86,Design of Autonomous Systems,3.00,"Mohan, S",GELM 642 AND GELM B103,TR 12:45PM - 02:00PM AND TR 02:30PM - 03:20PM,01/12/26 - 04/27/26
OPEN,47382,CSCI 6907,87,Robotics Vision and Perception,3.00,"Lee, T",SEH 3040,F 10:00AM - 12:30PM,01/12/26 - 04/27/26
OPEN,46539,MAE 6292,80,Robotics Vision and Perception,3.00,"Lee, T",SEH 3040,F 10:00AM - 12:30PM,01/12/26 - 04/27/26
WAITLIST,47440,CSCI 6907,88,Trustworthy AI,3.00,"Szajnfarber, Z; Pless, R",SEH B1220,M 03:30PM - 06:00PM,01/12/26 - 04/27/26
WAITLIST,45887,EMSE 6992,81,Trustworthy AI,3.00,"Szajnfarber, Z; Pless, R",SEH B1220,M 03:30PM - 06:00PM,01/12/26 - 04/27/26
OPEN,43378,CSCI 6908,10,Research,ARR,"Pless, R",,,01/12/26 - 04/27/26
OPEN,43828,CSCI 6908,11,Research,ARR,"Vora, P",,,01/12/26 - 04/27/26
OPEN,44623,CSCI 6908,12,Research,ARR,"Youssef, A",,,01/12/26 - 04/27/26
OPEN,47049,CSCI 6908,13,Research,3.00,"Zhou, J",,,01/12/26 - 04/27/26
OPEN,44976,CSCI 6908,14,Research,ARR,"Huang, H",,,01/12/26 - 04/27/26
OPEN,45398,CSCI 6908,15,Research,ARR,"Mohan, S",,,01/12/26 - 04/27/26
OPEN,43826,CSCI 6908,16,Research,ARR,"Wood, T",,,01/12/26 - 04/27/26
OPEN,43821,CSCI 6908,17,Research,ARR,"Hahn, J",,,01/12/26 - 04/27/26
OPEN,43822,CSCI 6908,18,Research,ARR,"Aviv, A",,,01/12/26 - 04/27/26
OPEN,43823,CSCI 6908,19,Research,ARR,"Yerukhimovich, A",,,01/12/26 - 04/27/26
OPEN,43824,CSCI 6908,20,Research,ARR,"Narahari, B",,,01/12/26 - 04/27/26
OPEN,43827,CSCI 6908,21,Research,ARR,"Simha, R",,,01/12/26 - 04/27/26
OPEN,43825,CSCI 6908,22,Research,ARR,"Parmer, G",,,01/12/26 - 04/27/26
OPEN,45737,CSCI 6908,23,Research,ARR,"Woodworth, B",,,01/12/26 - 04/27/26
OPEN,45738,CSCI 6908,24,Research,ARR,"Huang, H",,,01/12/26 - 04/27/26
OPEN,45795,CSCI 6908,25,Research,ARR,"Dobolyi, K",,,01/12/26 - 04/27/26
OPEN,45796,CSCI 6908,26,Research,ARR,"Taylor, J",,,01/12/26 - 04/27/26
OPEN,45797,CSCI 6908,27,Research,ARR,"Wei, P",,,01/12/26 - 04/27/26
OPEN,45798,CSCI 6908,28,Research,ARR,"Park, C",,,01/12/26 - 04/27/26
OPEN,45799,CSCI 6908,29,Research,ARR,"Qu, X",,,01/12/26 - 04/27/26
OPEN,46626,CSCI 6908,30,Research,ARR,"Hwa, R",,,01/12/26 - 04/27/26
OPEN,47363,CSCI 6908,31,Research,1.00,"Feng, S",,,01/12/26 - 04/27/26
CLOSED,47397,CSCI 6908,32,Research,ARR,"Goldfrank, J",,,01/12/26 - 04/27/26
CLOSED,47398,CSCI 6908,33,Research,ARR,"Qu, X",,,01/12/26 - 04/27/26
CLOSED,47400,CSCI 6908,35,Research,ARR,"Woodworth, B",,,01/12/26 - 04/27/26
CLOSED,47401,CSCI 6908,36,Research,ARR,"Hitczenko, K",,,01/12/26 - 04/27/26
OPEN,43826,CSCI 6908,16,Research,ARR,"Wood, T",,,01/12/26 - 04/27/26
OPEN,43821,CSCI 6908,17,Research,ARR,"Hahn, J",,,01/12/26 - 04/27/26
OPEN,43822,CSCI 6908,18,Research,ARR,"Aviv, A",,,01/12/26 - 04/27/26
OPEN,43823,CSCI 6908,19,Research,ARR,"Yerukhimovich, A",,,01/12/26 - 04/27/26
OPEN,43824,CSCI 6908,20,Research,ARR,"Narahari, B",,,01/12/26 - 04/27/26
OPEN,43827,CSCI 6908,21,Research,ARR,"Simha, R",,,01/12/26 - 04/27/26
OPEN,43825,CSCI 6908,22,Research,ARR,"Parmer, G",,,01/12/26 - 04/27/26
OPEN,45737,CSCI 6908,23,Research,ARR,"Woodworth, B",,,01/12/26 - 04/27/26
OPEN,45738,CSCI 6908,24,Research,ARR,"Huang, H",,,01/12/26 - 04/27/26
OPEN,45795,CSCI 6908,25,Research,ARR,"Dobolyi, K",,,01/12/26 - 04/27/26
OPEN,45796,CSCI 6908,26,Research,ARR,"Taylor, J",,,01/12/26 - 04/27/26
OPEN,45797,CSCI 6908,27,Research,ARR,"Wei, P",,,01/12/26 - 04/27/26
OPEN,45798,CSCI 6908,28,Research,ARR,"Park, C",,,01/12/26 - 04/27/26
OPEN,45799,CSCI 6908,29,Research,ARR,"Qu, X",,,01/12/26 - 04/27/26
OPEN,46626,CSCI 6908,30,Research,ARR,"Hwa, R",,,01/12/26 - 04/27/26
OPEN,47363,CSCI 6908,31,Research,1.00,"Feng, S",,,01/12/26 - 04/27/26
CLOSED,47397,CSCI 6908,32,Research,ARR,"Goldfrank, J",,,01/12/26 - 04/27/26
CLOSED,47398,CSCI 6908,33,Research,ARR,"Qu, X",,,01/12/26 - 04/27/26
CLOSED,47400,CSCI 6908,35,Research,ARR,"Woodworth, B",,,01/12/26 - 04/27/26
CLOSED,47401,CSCI 6908,36,Research,ARR,"Hitczenko, K",,,01/12/26 - 04/27/26
CLOSED,47399,CSCI 6908,44,Research,ARR,"Feng, S",,,01/12/26 - 04/27/26
OPEN,43379,CSCI 6998,10,Thesis Research,3.00,"Pless, R",,,01/12/26 - 04/27/26
OPEN,45065,CSCI 6998,11,Thesis Research,3.00,"Vora, P",,,01/12/26 - 04/27/26
OPEN,45066,CSCI 6998,12,Thesis Research,3.00,"Youssef, A",,,01/12/26 - 04/27/26
OPEN,47052,CSCI 6998,13,Thesis Research,3.00,"Qu, X",,,01/12/26 - 04/27/26
OPEN,45067,CSCI 6998,14,Thesis Research,3.00,"Huang, H",,,01/12/26 - 04/27/26
OPEN,45073,CSCI 6998,15,Thesis Research,3.00,"Simha, R",,,01/12/26 - 04/27/26
OPEN,45068,CSCI 6998,16,Thesis Research,3.00,"Wood, T",,,01/12/26 - 04/27/26
OPEN,45069,CSCI 6998,17,Thesis Research,3.00,"Hahn, J",,,01/12/26 - 04/27/26
OPEN,45070,CSCI 6998,18,Thesis Research,3.00,"Yerukhimovich, A",,,01/12/26 - 04/27/26
OPEN,45071,CSCI 6998,19,Thesis Research,3.00,"Narahari, B",,,01/12/26 - 04/27/26
OPEN,45074,CSCI 6998,20,Thesis Research,3.00,"Aviv, A",,,01/12/26 - 04/27/26
OPEN,45072,CSCI 6998,21,Thesis Research,3.00,"Parmer, G",,,01/12/26 - 04/27/26
OPEN,45739,CSCI 6998,22,Thesis Research,3.00,"Woodworth, B",,,01/12/26 - 04/27/26
OPEN,45740,CSCI 6998,23,Thesis Research,3.00,"Zhou, J",,,01/12/26 - 04/27/26
OPEN,45800,CSCI 6998,24,Thesis Research,3.00,"Dobolyi, K",,,01/12/26 - 04/27/26
OPEN,45801,CSCI 6998,25,Thesis Research,3.00,"Taylor, J",,,01/12/26 - 04/27/26
OPEN,45802,CSCI 6998,26,Thesis Research,3.00,"Wei, P",,,01/12/26 - 04/27/26
OPEN,45803,CSCI 6998,27,Thesis Research,3.00,"Park, C",,,01/12/26 - 04/27/26
OPEN,45804,CSCI 6998,28,Thesis Research,3.00,"Feng, S",,,01/12/26 - 04/27/26
CLOSED,47399,CSCI 6908,44,Research,ARR,"Feng, S",,,01/12/26 - 04/27/26
OPEN,43379,CSCI 6998,10,Thesis Research,3.00,"Pless, R",,,01/12/26 - 04/27/26
OPEN,45065,CSCI 6998,11,Thesis Research,3.00,"Vora, P",,,01/12/26 - 04/27/26
OPEN,45066,CSCI 6998,12,Thesis Research,3.00,"Youssef, A",,,01/12/26 - 04/27/26
OPEN,47052,CSCI 6998,13,Thesis Research,3.00,"Qu, X",,,01/12/26 - 04/27/26
OPEN,45067,CSCI 6998,14,Thesis Research,3.00,"Huang, H",,,01/12/26 - 04/27/26
OPEN,45073,CSCI 6998,15,Thesis Research,3.00,"Simha, R",,,01/12/26 - 04/27/26
OPEN,45068,CSCI 6998,16,Thesis Research,3.00,"Wood, T",,,01/12/26 - 04/27/26
OPEN,45069,CSCI 6998,17,Thesis Research,3.00,"Hahn, J",,,01/12/26 - 04/27/26
OPEN,45070,CSCI 6998,18,Thesis Research,3.00,"Yerukhimovich, A",,,01/12/26 - 04/27/26
OPEN,45071,CSCI 6998,19,Thesis Research,3.00,"Narahari, B",,,01/12/26 - 04/27/26
OPEN,45074,CSCI 6998,20,Thesis Research,3.00,"Aviv, A",,,01/12/26 - 04/27/26
OPEN,45072,CSCI 6998,21,Thesis Research,3.00,"Parmer, G",,,01/12/26 - 04/27/26
OPEN,45739,CSCI 6998,22,Thesis Research,3.00,"Woodworth, B",,,01/12/26 - 04/27/26
OPEN,45740,CSCI 6998,23,Thesis Research,3.00,"Zhou, J",,,01/12/26 - 04/27/26
OPEN,45800,CSCI 6998,24,Thesis Research,3.00,"Dobolyi, K",,,01/12/26 - 04/27/26
OPEN,45801,CSCI 6998,25,Thesis Research,3.00,"Taylor, J",,,01/12/26 - 04/27/26
OPEN,45802,CSCI 6998,26,Thesis Research,3.00,"Wei, P",,,01/12/26 - 04/27/26
OPEN,45803,CSCI 6998,27,Thesis Research,3.00,"Park, C",,,01/12/26 - 04/27/26
OPEN,45804,CSCI 6998,28,Thesis Research,3.00,"Feng, S",,,01/12/26 - 04/27/26
OPEN,46625,CSCI 6998,29,Thesis Research,3.00,"Hwa, R",,,01/12/26 - 04/27/26
OPEN,43380,CSCI 6999,10,Thesis Research,3.00,"Pless, R",,,01/12/26 - 04/27/26
OPEN,45075,CSCI 6999,11,Thesis Research,3.00,"Vora, P",,,01/12/26 - 04/27/26
OPEN,45076,CSCI 6999,12,Thesis Research,3.00,"Mohan, S",,,01/12/26 - 04/27/26
OPEN,47495,CSCI 6999,13,Thesis Research,3.00,"Youssef, A",,,01/12/26 - 04/27/26
OPEN,45077,CSCI 6999,14,Thesis Research,3.00,"Qu, X",,,01/12/26 - 04/27/26
OPEN,45355,CSCI 6999,15,Thesis Research,3.00,"Woodworth, B",,,01/12/26 - 04/27/26
OPEN,45078,CSCI 6999,16,Thesis Research,3.00,"Wood, T",,,01/12/26 - 04/27/26
OPEN,45079,CSCI 6999,17,Thesis Research,3.00,"Hahn, J",,,01/12/26 - 04/27/26
OPEN,45080,CSCI 6999,18,Thesis Research,3.00,"Yerukhimovich, A",,,01/12/26 - 04/27/26
OPEN,45081,CSCI 6999,19,Thesis Research,3.00,"Narahari, B",,,01/12/26 - 04/27/26
OPEN,45084,CSCI 6999,20,Thesis Research,3.00,"Aviv, A",,,01/12/26 - 04/27/26
OPEN,45082,CSCI 6999,21,Thesis Research,3.00,"Parmer, G",,,01/12/26 - 04/27/26
OPEN,45083,CSCI 6999,22,Thesis Research,3.00,"Simha, R",,,01/12/26 - 04/27/26
OPEN,45741,CSCI 6999,23,Thesis Research,3.00,"Feng, S",,,01/12/26 - 04/27/26
OPEN,45742,CSCI 6999,24,Thesis Research,3.00,"Zhou, J",,,01/12/26 - 04/27/26
OPEN,45805,CSCI 6999,25,Thesis Research,3.00,"Dobolyi, K",,,01/12/26 - 04/27/26
OPEN,45806,CSCI 6999,26,Thesis Research,3.00,"Taylor, J",,,01/12/26 - 04/27/26
OPEN,45807,CSCI 6999,27,Thesis Research,3.00,"Wei, P",,,01/12/26 - 04/27/26
OPEN,45808,CSCI 6999,28,Thesis Research,3.00,"Park, C",,,01/12/26 - 04/27/26
OPEN,46625,CSCI 6998,29,Thesis Research,3.00,"Hwa, R",,,01/12/26 - 04/27/26
OPEN,43380,CSCI 6999,10,Thesis Research,3.00,"Pless, R",,,01/12/26 - 04/27/26
OPEN,45075,CSCI 6999,11,Thesis Research,3.00,"Vora, P",,,01/12/26 - 04/27/26
OPEN,45076,CSCI 6999,12,Thesis Research,3.00,"Mohan, S",,,01/12/26 - 04/27/26
OPEN,47495,CSCI 6999,13,Thesis Research,3.00,"Youssef, A",,,01/12/26 - 04/27/26
OPEN,45077,CSCI 6999,14,Thesis Research,3.00,"Qu, X",,,01/12/26 - 04/27/26
OPEN,45355,CSCI 6999,15,Thesis Research,3.00,"Woodworth, B",,,01/12/26 - 04/27/26
OPEN,45078,CSCI 6999,16,Thesis Research,3.00,"Wood, T",,,01/12/26 - 04/27/26
OPEN,45079,CSCI 6999,17,Thesis Research,3.00,"Hahn, J",,,01/12/26 - 04/27/26
OPEN,45080,CSCI 6999,18,Thesis Research,3.00,"Yerukhimovich, A",,,01/12/26 - 04/27/26
OPEN,45081,CSCI 6999,19,Thesis Research,3.00,"Narahari, B",,,01/12/26 - 04/27/26
OPEN,45084,CSCI 6999,20,Thesis Research,3.00,"Aviv, A",,,01/12/26 - 04/27/26
OPEN,45082,CSCI 6999,21,Thesis Research,3.00,"Parmer, G",,,01/12/26 - 04/27/26
OPEN,45083,CSCI 6999,22,Thesis Research,3.00,"Simha, R",,,01/12/26 - 04/27/26
OPEN,45741,CSCI 6999,23,Thesis Research,3.00,"Feng, S",,,01/12/26 - 04/27/26
OPEN,45742,CSCI 6999,24,Thesis Research,3.00,"Zhou, J",,,01/12/26 - 04/27/26
OPEN,45805,CSCI 6999,25,Thesis Research,3.00,"Dobolyi, K",,,01/12/26 - 04/27/26
OPEN,45806,CSCI 6999,26,Thesis Research,3.00,"Taylor, J",,,01/12/26 - 04/27/26
OPEN,45807,CSCI 6999,27,Thesis Research,3.00,"Wei, P",,,01/12/26 - 04/27/26
OPEN,45808,CSCI 6999,28,Thesis Research,3.00,"Park, C",,,01/12/26 - 04/27/26
OPEN,45809,CSCI 6999,29,Thesis Research,3.00,"Huang, H",,,01/12/26 - 04/27/26
OPEN,46627,CSCI 6999,30,Thesis Research,3.00,"Hwa, R",,,01/12/26 - 04/27/26
CANCELLED,45885,CSCI 8901,80,Research and Evaluation Methods,3.00,,,,01/12/26 - 04/27/26
OPEN,43498,CSCI 8999,10,Dissertation Research,ARR,"Pless, R",,,01/12/26 - 04/27/26
OPEN,43819,CSCI 8999,11,Dissertation Research,ARR,"Yerukhimovich, A",,,01/12/26 - 04/27/26
OPEN,44622,CSCI 8999,12,Dissertation Research,ARR,"Youssef, A",,,01/12/26 - 04/27/26
OPEN,43107,CSCI 8999,13,Dissertation Research,ARR,"Choi, H",,,01/12/26 - 04/27/26
OPEN,43543,CSCI 8999,14,Dissertation Research,ARR,"Vora, P",,,01/12/26 - 04/27/26
OPEN,43877,CSCI 8999,15,Dissertation Research,ARR,"Parmer, G",,,01/12/26 - 04/27/26
OPEN,43108,CSCI 8999,16,Dissertation Research,ARR,"Aviv, A",,,01/12/26 - 04/27/26
OPEN,44082,CSCI 8999,17,Dissertation Research,ARR,"Wood, T",,,01/12/26 - 04/27/26
OPEN,43110,CSCI 8999,18,Dissertation Research,ARR,"Hahn, J",,,01/12/26 - 04/27/26
OPEN,47364,CSCI 8999,19,Dissertation Research,ARR,"Zhou, J",,,01/12/26 - 04/27/26
OPEN,43109,CSCI 8999,20,Dissertation Research,ARR,"Narahari, B",,,01/12/26 - 04/27/26
OPEN,43427,CSCI 8999,21,Dissertation Research,ARR,"Simha, R",,,01/12/26 - 04/27/26
OPEN,45743,CSCI 8999,22,Dissertation Research,ARR,"Qu, X",,,01/12/26 - 04/27/26
OPEN,45810,CSCI 8999,23,Dissertation Research,ARR,"Woodworth, B",,,01/12/26 - 04/27/26
OPEN,45811,CSCI 8999,24,Dissertation Research,ARR,"Feng, S",,,01/12/26 - 04/27/26
OPEN,45812,CSCI 8999,25,Dissertation Research,ARR,"Wei, P",,,01/12/26 - 04/27/26
OPEN,45813,CSCI 8999,26,Dissertation Research,ARR,"Park, C",,,01/12/26 - 04/27/26
OPEN,45809,CSCI 6999,29,Thesis Research,3.00,"Huang, H",,,01/12/26 - 04/27/26
OPEN,46627,CSCI 6999,30,Thesis Research,3.00,"Hwa, R",,,01/12/26 - 04/27/26
CANCELLED,45885,CSCI 8901,80,Research and Evaluation Methods,3.00,,,,01/12/26 - 04/27/26
OPEN,43498,CSCI 8999,10,Dissertation Research,ARR,"Pless, R",,,01/12/26 - 04/27/26
OPEN,43819,CSCI 8999,11,Dissertation Research,ARR,"Yerukhimovich, A",,,01/12/26 - 04/27/26
OPEN,44622,CSCI 8999,12,Dissertation Research,ARR,"Youssef, A",,,01/12/26 - 04/27/26
OPEN,43107,CSCI 8999,13,Dissertation Research,ARR,"Choi, H",,,01/12/26 - 04/27/26
OPEN,43543,CSCI 8999,14,Dissertation Research,ARR,"Vora, P",,,01/12/26 - 04/27/26
OPEN,43877,CSCI 8999,15,Dissertation Research,ARR,"Parmer, G",,,01/12/26 - 04/27/26
OPEN,43108,CSCI 8999,16,Dissertation Research,ARR,"Aviv, A",,,01/12/26 - 04/27/26
OPEN,44082,CSCI 8999,17,Dissertation Research,ARR,"Wood, T",,,01/12/26 - 04/27/26
OPEN,43110,CSCI 8999,18,Dissertation Research,ARR,"Hahn, J",,,01/12/26 - 04/27/26
OPEN,47364,CSCI 8999,19,Dissertation Research,ARR,"Zhou, J",,,01/12/26 - 04/27/26
OPEN,43109,CSCI 8999,20,Dissertation Research,ARR,"Narahari, B",,,01/12/26 - 04/27/26
OPEN,43427,CSCI 8999,21,Dissertation Research,ARR,"Simha, R",,,01/12/26 - 04/27/26
OPEN,45743,CSCI 8999,22,Dissertation Research,ARR,"Qu, X",,,01/12/26 - 04/27/26
OPEN,45810,CSCI 8999,23,Dissertation Research,ARR,"Woodworth, B",,,01/12/26 - 04/27/26
OPEN,45811,CSCI 8999,24,Dissertation Research,ARR,"Feng, S",,,01/12/26 - 04/27/26
OPEN,45812,CSCI 8999,25,Dissertation Research,ARR,"Wei, P",,,01/12/26 - 04/27/26
OPEN,45813,CSCI 8999,26,Dissertation Research,ARR,"Park, C",,,01/12/26 - 04/27/26
OPEN,45814,CSCI 8999,27,Dissertation Research,ARR,"Huang, H",,,01/12/26 - 04/27/26
OPEN,46628,CSCI 8999,28,Dissertation Research,ARR,"Hwa, R",,,01/12/26 - 04/27/26
OPEN,45814,CSCI 8999,27,Dissertation Research,ARR,"Huang, H",,,01/12/26 - 04/27/26
OPEN,46628,CSCI 8999,28,Dissertation Research,ARR,"Hwa, R",,,01/12/26 - 04/27/26
